recipe_id,source_file,recipe_title,cuisine_family,dish_category,protein,starch,vegetables,sauce_or_marinade,core_ingredients,cooking_method,equipment,prep_complexity_1_5,labour_intensity_1_5,batch_suitability_1_5,holding_reheat_score_1_5,delivery_suitability_1_5,customer_familiarity_1_5,premium_pricing_1_5,waste_risk_1_5,cross_utilisation_1_5,commercial_deployability_score,consumer_craving_score,abundance_illusion_score,shareability_score,scarcity_drop_potential,productization_potential,safari_lounge_fit,ghost_kitchen_fit,catering_fit,consulting_value_fit,saas_dataset_fit,best_business_model,derivative_original_ideas,commercial_notes,needs_review,dependency_control_score
rcp_a2fbbdc77d29,D:\Books\Culinary & Hospitality\CULINARY BOOKS\02 Techniques\The Woks of Life by Bill Leung.epub,"Pork, Beef & Lamb, The Woks of Life",Chinese / Wok; American BBQ,Hot Main,beef; chicken; pork; lamb,rice; potato,tomato,marinade,beef; chicken; pork; lamb; rice; potato; tomato; marinade,grilled; braised; roasted; boiled,wok; grill; oven; stock pot,4,3,5,5,5,4,5,1,5,25,5,5,5,5,4,5,5,5,5,5,catering tray / office bundle,"Pork, Beef & Lamb, The Woks of Life office tray; family allocation tray; weekend preorder bundle with premium add-ons.","strong commercial deployability; good scarcity-drop candidate; component/product line candidate; works as tray, bundle, or group-buy format",no,45
rcp_e84214caa660,D:\Books\Culinary & Hospitality\CULINARY BOOKS\02 Techniques\The Woks of Life by Bill Leung.epub,"Pork, Beef & Lamb",Chinese / Wok; American BBQ,Hot Main,beef; chicken; pork; lamb,rice; potato,tomato,marinade,beef; chicken; pork; lamb; rice; potato; tomato; marinade,grilled; braised; roasted; boiled,wok; grill; oven; stock pot,4,3,5,5,5,4,5,1,5,25,5,5,5,5,4,5,5,5,5,5,catering tray / office bundle,"Pork, Beef & Lamb office tray; family allocation tray; weekend preorder bundle with premium add-ons.","strong commercial deployability; good scarcity-drop candidate; component/product line candidate; works as tray, bundle, or group-buy format",no,45
rcp_97640e2861b0,D:\Books\Culinary & Hospitality\CULINARY BOOKS\02 Techniques\The Woks of Life by Bill Leung.epub,Char Siu Roast Pork,Chinese / Wok; American BBQ,Hot Main,beef; chicken; pork; lamb,rice; potato,garlic; pepper; tomato,glaze; marinade; sauce,beef; chicken; pork; lamb; rice; potato; garlic; pepper; tomato; glaze; marinade; sauce,grilled; braised; roasted; boiled,wok; grill; oven; stock pot; blender,4,3,5,5,5,4,5,1,5,25,5,5,5,5,4,5,5,5,5,5,catering tray / office bundle,Char Siu Roast Pork office tray; family allocation tray; weekend preorder bundle with premium add-ons.,"strong commercial deployability; good scarcity-drop candidate; component/product line candidate; works as tray, bundle, or group-buy format",no,45
rcp_d4e8e9d5109b,D:\Books\Culinary & Hospitality\CULINARY BOOKS\02 Techniques\The Woks of Life by Bill Leung.epub,Hong Kong Beef Brisket in Clear Broth,Chinese / Wok; American BBQ,Wet Main / Bowl,beef; chicken; pork; lamb,rice; potato,garlic; tomato,glaze; marinade; sauce,beef; chicken; pork; lamb; rice; potato; garlic; tomato; glaze; marinade; sauce,grilled; braised; roasted; boiled,wok; grill; oven; stock pot; blender,4,3,5,5,5,4,5,1,5,25,5,5,5,5,4,5,5,5,5,5,catering tray / office bundle,Hong Kong Beef Brisket in Clear Broth office tray; family allocation tray; weekend preorder bundle with premium add-ons.,"strong commercial deployability; good scarcity-drop candidate; component/product line candidate; works as tray, bundle, or group-buy format",no,45
rcp_2c0eab0acaf7,D:\Books\Culinary & Hospitality\CULINARY BOOKS\02 Techniques\The Woks of Life by Bill Leung.epub,Cantonese Roast Pork Belly (Siu Yuk),Chinese / Wok; American BBQ,Hot Main,beef; chicken; pork; lamb,rice; potato,garlic; tomato,glaze; marinade; sauce,beef; chicken; pork; lamb; rice; potato; garlic; tomato; glaze; marinade; sauce,grilled; braised; roasted; boiled,wok; grill; oven; stock pot; blender,4,3,5,5,5,4,5,1,5,25,5,5,5,5,4,5,5,5,5,5,catering tray / office bundle,Cantonese Roast Pork Belly (Siu Yuk) office tray; family allocation tray; weekend preorder bundle with premium add-ons.,"strong commercial deployability; good scarcity-drop candidate; component/product line candidate; works as tray, bundle, or group-buy format",no,45
rcp_9bf48ca7c83a,D:\Books\Culinary & Hospitality\CULINARY BOOKS\02 Techniques\The Woks of Life by Bill Leung.epub,Black Pepper Beef (Steak Kow),Chinese / Wok; American BBQ,Hot Main,beef; chicken; pork; lamb,rice; potato,garlic; pepper; tomato,glaze; marinade; sauce,beef; chicken; pork; lamb; rice; potato; garlic; pepper; tomato; glaze; marinade; sauce,grilled; braised; roasted; boiled,wok; grill; oven; stock pot; blender,4,3,5,5,5,4,5,1,5,25,5,5,5,5,4,5,5,5,5,5,catering tray / office bundle,Black Pepper Beef (Steak Kow) office tray; family allocation tray; weekend preorder bundle with premium add-ons.,"strong commercial deployability; good scarcity-drop candidate; component/product line candidate; works as tray, bundle, or group-buy format",no,45
rcp_a0c4b2c611f7,D:\Books\Culinary & Hospitality\CULINARY BOOKS\03 World Cuisines\A Korean Cooking Cookbook (Jaehyun Hw... (z-lib.org).pdf,Korean Cuisine Sauces & Spices,Korean; Sri Lankan / Curry; Latin / Tex-Mex; Chinese / Wok; American BBQ,Sauce / Condiment,beef; chicken; pork; egg; vegetarian,rice; noodle; bread; potato,cucumber; pepper,curry; dip; marinade; sauce,beef; chicken; pork; egg; vegetarian; rice; noodle; bread; potato; cucumber; pepper; curry; dip; marinade; sauce,grilled; fried; braised; boiled; raw/cold,grill; stock pot; fryer; blender,4,3,5,4,5,4,5,2,5,23,5,5,5,5,5,5,5,5,5,5,bottled sauce / rub / dry mix,Original signature component inspired by the category: Safari Lounge Korean Cuisine Sauces & Spices sauce flight; dry rub sachet; catering condiment upsell.,"strong commercial deployability; good scarcity-drop candidate; component/product line candidate; works as tray, bundle, or group-buy format",no,43
rcp_d9fdf1646696,D:\Books\Culinary & Hospitality\CULINARY BOOKS\03 World Cuisines\A Korean Cooking Cookbook (Jaehyun Hw... (z-lib.org).pdf,Beef Meals,Korean; Sri Lankan / Curry; Latin / Tex-Mex; Chinese / Wok; American BBQ,Hot Main,beef; chicken; pork; egg; vegetarian,rice; noodle; bread; potato,cucumber; pepper,curry; dip; marinade; sauce,beef; chicken; pork; egg; vegetarian; rice; noodle; bread; potato; cucumber; pepper; curry; dip; marinade; sauce,grilled; fried; braised; boiled; raw/cold,grill; stock pot; fryer; blender,4,3,5,4,5,4,5,2,5,23,5,5,5,5,5,5,5,5,5,5,catering tray / office bundle,Beef Meals office tray; family allocation tray; weekend preorder bundle with premium add-ons.,"strong commercial deployability; good scarcity-drop candidate; component/product line candidate; works as tray, bundle, or group-buy format",no,43
rcp_907d18fce19f,D:\Books\Culinary & Hospitality\CULINARY BOOKS\03 World Cuisines\A Korean Cooking Cookbook (Jaehyun Hw... (z-lib.org).pdf,Jangjorim (Korean Beef Simmered in Soy Sauce),Korean; Sri Lankan / Curry; Latin / Tex-Mex; Chinese / Wok; American BBQ,Sauce / Condiment,beef; chicken; pork; egg; vegetarian,rice; noodle; bread; potato,cucumber; pepper,curry; dip; marinade; sauce,beef; chicken; pork; egg; vegetarian; rice; noodle; bread; potato; cucumber; pepper; curry; dip; marinade; sauce,grilled; fried; braised; boiled; raw/cold,grill; stock pot; fryer; blender,4,3,5,4,5,4,5,2,5,23,5,5,5,5,5,5,5,5,5,5,bottled sauce / rub / dry mix,Original signature component inspired by the category: Safari Lounge Jangjorim (Korean Beef Simmered in Soy Sauce) sauce flight; dry rub sachet; catering condiment upsell.,"strong commercial deployability; good scarcity-drop candidate; component/product line candidate; works as tray, bundle, or group-buy format",no,43
rcp_9e53f95bcb5d,D:\Books\Culinary & Hospitality\CULINARY BOOKS\03 World Cuisines\A Korean Cooking Cookbook (Jaehyun Hw... (z-lib.org).pdf,Korean Soy Beef Strips With Hard-Boiled Eggs (Jang Jorim),Korean; Sri Lankan / Curry; Latin / Tex-Mex; Chinese / Wok; American BBQ,Hot Main,beef; chicken; pork; egg; vegetarian,rice; noodle; bread; potato,carrot; cucumber; pepper,curry; dip; marinade; sauce,beef; chicken; pork; egg; vegetarian; rice; noodle; bread; potato; carrot; cucumber; pepper; curry; dip; marinade; sauce,grilled; fried; braised; boiled; raw/cold,grill; stock pot; fryer; blender,4,3,5,4,5,4,5,2,5,23,5,5,5,5,5,5,5,5,5,5,catering tray / office bundle,Korean Soy Beef Strips With Hard-Boiled Eggs (Jang Jorim) office tray; family allocation tray; weekend preorder bundle with premium add-ons.,"strong commercial deployability; good scarcity-drop candidate; component/product line candidate; works as tray, bundle, or group-buy format",no,43
rcp_cadca419ad2c,D:\Books\Culinary & Hospitality\CULINARY BOOKS\03 World Cuisines\A Korean Cooking Cookbook (Jaehyun Hw... (z-lib.org).pdf,Kalbi Jim (Stewed Korean Short Ribs),Korean; Sri Lankan / Curry; Latin / Tex-Mex; Chinese / Wok; American BBQ,Wet Main / Bowl,beef; chicken; pork; egg; vegetarian,rice; noodle; bread; potato,carrot; cucumber; pepper,curry; dip; dressing; marinade; sauce,beef; chicken; pork; egg; vegetarian; rice; noodle; bread; potato; carrot; cucumber; pepper; curry; dip; dressing; marinade; sauce,grilled; fried; braised; boiled; raw/cold,grill; stock pot; fryer; blender,4,3,5,4,5,4,5,2,5,23,5,5,5,5,5,5,5,5,5,5,catering tray / office bundle,Kalbi Jim (Stewed Korean Short Ribs) office tray; family allocation tray; weekend preorder bundle with premium add-ons.,"strong commercial deployability; good scarcity-drop candidate; component/product line candidate; works as tray, bundle, or group-buy format",no,43
rcp_39eb7b3f1fb3,D:\Books\Culinary & Hospitality\CULINARY BOOKS\03 World Cuisines\Tex-Mex Recipes for any Occasion Thin... (z-lib.org).pdf,1. Menudo (Beef Tripe Soup),Latin / Tex-Mex; American BBQ,Wet Main / Bowl,beef; chicken; pork; vegetarian,rice; noodle; grain,cucumber; garlic; onion; pepper; tomato,dip,beef; chicken; pork; vegetarian; rice; noodle; grain; cucumber; garlic; onion; pepper; tomato; dip,braised; boiled; raw/cold,slow cooker; stock pot; blender,3,2,5,4,5,4,4,2,5,23,5,5,5,4,5,5,5,5,5,5,catering tray / office bundle,1. Menudo (Beef Tripe Soup) office tray; family allocation tray; weekend preorder bundle with premium add-ons.,"strong commercial deployability; good scarcity-drop candidate; component/product line candidate; works as tray, bundle, or group-buy format",no,43
rcp_6541b3e81f44,D:\Books\Culinary & Hospitality\CULINARY BOOKS\03 World Cuisines\Tex-Mex Recipes for any Occasion Thin... (z-lib.org).pdf,3. Skinny Cowgirl Chicken Salad,Latin / Tex-Mex; American BBQ,Cold / Prep Ahead,beef; chicken; pork; seafood; vegetarian,rice; noodle; grain,cucumber; garlic; onion; pepper; tomato,dip; sauce,beef; chicken; pork; seafood; vegetarian; rice; noodle; grain; cucumber; garlic; onion; pepper; tomato; dip; sauce,braised; boiled; raw/cold,slow cooker; stock pot; blender,3,2,5,4,5,4,4,2,5,23,5,5,5,4,5,5,5,5,5,5,catering tray / office bundle,3. Skinny Cowgirl Chicken Salad office tray; family allocation tray; weekend preorder bundle with premium add-ons.,"strong commercial deployability; good scarcity-drop candidate; component/product line candidate; works as tray, bundle, or group-buy format",no,43
rcp_f29e75381d07,D:\Books\Culinary & Hospitality\CULINARY BOOKS\03 World Cuisines\Tex-Mex Recipes for any Occasion Thin... (z-lib.org).pdf,4. Pasta Salad,Latin / Tex-Mex; American BBQ,Starch Main,beef; chicken; pork; seafood; vegetarian,rice; noodle; grain,carrot; cucumber; garlic; onion; pepper; tomato,dip; sauce,beef; chicken; pork; seafood; vegetarian; rice; noodle; grain; carrot; cucumber; garlic; onion; pepper; tomato; dip; sauce,braised; boiled; raw/cold,slow cooker; stock pot; blender,3,2,5,4,5,4,4,2,5,23,5,5,5,4,5,5,5,5,5,5,catering tray / office bundle,4. Pasta Salad office tray; family allocation tray; weekend preorder bundle with premium add-ons.,"strong commercial deployability; good scarcity-drop candidate; component/product line candidate; works as tray, bundle, or group-buy format",no,43
rcp_6a2b78cdff64,D:\Books\Culinary & Hospitality\CULINARY BOOKS\03 World Cuisines\Classic French Recipes.pdf,French Dip-Crock Pot Recipe Style French Toast,French,Sauce / Condiment,egg,bread; potato,onion,dip,egg; bread; potato; onion; dip,fried; braised; roasted; boiled,oven; slow cooker; stock pot; fryer; blender,4,3,5,4,5,4,3,1,5,22,5,4,4,2,5,4,5,5,5,5,bottled sauce / rub / dry mix,Original signature component inspired by the category: Safari Lounge French Dip-Crock Pot Recipe Style French Toast sauce flight; dry rub sachet; catering condiment upsell.,"strong commercial deployability; component/product line candidate; works as tray, bundle, or group-buy format",no,42
rcp_a4594439c691,D:\Books\Culinary & Hospitality\CULINARY BOOKS\03 World Cuisines\Classic French Recipes.pdf,French Onion Soup,French,Wet Main / Bowl,egg,bread; potato,onion,dip,egg; bread; potato; onion; dip,fried; braised; roasted; boiled,oven; stock pot; fryer; blender,4,3,5,4,5,4,3,1,5,22,5,4,4,2,5,4,5,5,5,5,catering tray / office bundle,French Onion Soup office tray; family allocation tray; weekend preorder bundle with premium add-ons.,"strong commercial deployability; component/product line candidate; works as tray, bundle, or group-buy format",no,42
rcp_c4c1b2d5f1f8,D:\Books\Culinary & Hospitality\CULINARY BOOKS\03 World Cuisines\curry.pdf,3.6 Courgette Curry with Mung Dahl . . . . . . . . . 54,Sri Lankan / Curry,Wet Main / Bowl,chicken; seafood; egg; vegetarian,rice; potato,cabbage; mushroom; onion; tomato,chutney; curry,chicken; seafood; egg; vegetarian; rice; potato; cabbage; mushroom; onion; tomato; chutney; curry,fried,standard kitchen,3,2,5,3,5,4,3,1,5,22,5,5,4,4,3,5,5,5,4,5,catering tray / office bundle,3.6 Courgette Curry with Mung Dahl . . . . . . . . . 54 office tray; family allocation tray; weekend preorder bundle with premium add-ons.,"strong commercial deployability; good scarcity-drop candidate; works as tray, bundle, or group-buy format",no,41
rcp_ff746df64b43,D:\Books\Culinary & Hospitality\CULINARY BOOKS\03 World Cuisines\curry.pdf,4.1 Black Eyed Bean and Mushroom Curry . . . . . 68,Sri Lankan / Curry; American BBQ,Wet Main / Bowl,beef; chicken; lamb; egg; vegetarian,rice; potato,cabbage; mushroom; onion; tomato,chutney; curry,beef; chicken; lamb; egg; vegetarian; rice; potato; cabbage; mushroom; onion; tomato; chutney; curry,mixed/unknown,standard kitchen,3,2,5,3,5,4,3,1,5,22,5,5,4,4,3,5,5,5,4,5,catering tray / office bundle,4.1 Black Eyed Bean and Mushroom Curry . . . . . 68 office tray; family allocation tray; weekend preorder bundle with premium add-ons.,"strong commercial deployability; good scarcity-drop candidate; works as tray, bundle, or group-buy format",no,41
rcp_f8078bd3eff0,D:\Books\Culinary & Hospitality\CULINARY BOOKS\03 World Cuisines\curry.pdf,Preface,Sri Lankan / Curry; American BBQ,Wet Main / Bowl,beef; chicken; lamb; seafood; vegetarian,potato,cabbage; mushroom,curry,beef; chicken; lamb; seafood; vegetarian; potato; cabbage; mushroom; curry,fried,standard kitchen,3,2,5,3,5,4,3,1,5,22,5,5,4,4,3,5,5,5,4,5,catering tray / office bundle,Preface office tray; family allocation tray; weekend preorder bundle with premium add-ons.,"strong commercial deployability; good scarcity-drop candidate; works as tray, bundle, or group-buy format",no,41
rcp_e35b4148ede4,D:\Books\Culinary & Hospitality\CULINARY BOOKS\03 World Cuisines\Korean Cooking by Maangchi.pdf,Maangchi,Korean; American BBQ,Wet Main / Bowl,beef; chicken; pork; seafood; vegetarian,rice; noodle,garlic,,beef; chicken; pork; seafood; vegetarian; rice; noodle; garlic,grilled; fried; braised,grill; stock pot; fryer,4,4,5,3,5,4,5,2,5,21,5,5,4,5,2,5,5,5,4,5,catering tray / office bundle,Maangchi office tray; family allocation tray; weekend preorder bundle with premium add-ons.,"strong commercial deployability; good scarcity-drop candidate; works as tray, bundle, or group-buy format",no,40
rcp_fadeb8e583a6,D:\Books\Culinary & Hospitality\CULINARY BOOKS\03 World Cuisines\Korean Cooking by Maangchi.pdf,Maangchi’S,Korean; American BBQ,Wet Main / Bowl,beef; chicken; pork; seafood; vegetarian,rice; noodle,garlic,,beef; chicken; pork; seafood; vegetarian; rice; noodle; garlic,grilled; fried; braised,grill; stock pot; fryer,4,4,5,3,5,4,5,2,5,21,5,5,4,5,2,5,5,5,4,5,catering tray / office bundle,Maangchi’S office tray; family allocation tray; weekend preorder bundle with premium add-ons.,"strong commercial deployability; good scarcity-drop candidate; works as tray, bundle, or group-buy format",no,40
rcp_4203b4630c35,D:\Books\Culinary & Hospitality\CULINARY BOOKS\03 World Cuisines\Korean Cooking by Maangchi.pdf,Everyday,Korean; American BBQ,Wet Main / Bowl,beef; chicken; pork; seafood; vegetarian,rice; noodle,garlic,,beef; chicken; pork; seafood; vegetarian; rice; noodle; garlic,grilled; fried; braised,grill; stock pot; fryer,4,4,5,3,5,4,5,2,5,21,5,5,4,5,2,5,5,5,4,5,catering tray / office bundle,Everyday office tray; family allocation tray; weekend preorder bundle with premium add-ons.,"strong commercial deployability; good scarcity-drop candidate; works as tray, bundle, or group-buy format",no,40
rcp_5c9610e5f18c,D:\Books\Culinary & Hospitality\CULINARY BOOKS\03 World Cuisines\Korean Cooking by Maangchi.pdf,Celebration,Korean; American BBQ,Wet Main / Bowl,beef; chicken; pork; seafood; vegetarian,rice; noodle,garlic,,beef; chicken; pork; seafood; vegetarian; rice; noodle; garlic,grilled; fried; braised,grill; stock pot; fryer,4,4,5,3,5,4,5,2,5,21,5,5,4,5,2,5,5,5,4,5,catering tray / office bundle,Celebration office tray; family allocation tray; weekend preorder bundle with premium add-ons.,"strong commercial deployability; good scarcity-drop candidate; works as tray, bundle, or group-buy format",no,40
rcp_28d276d8cbfc,D:\Books\Culinary & Hospitality\CULINARY BOOKS\03 World Cuisines\Korean Cooking by Maangchi.pdf,Cuisine,Korean; American BBQ,Wet Main / Bowl,beef; chicken; pork; seafood; vegetarian,rice; noodle,garlic,,beef; chicken; pork; seafood; vegetarian; rice; noodle; garlic,grilled; fried; braised,grill; stock pot; fryer,4,4,5,3,5,4,5,2,5,21,5,5,4,5,2,5,5,5,4,5,catering tray / office bundle,Cuisine office tray; family allocation tray; weekend preorder bundle with premium add-ons.,"strong commercial deployability; good scarcity-drop candidate; works as tray, bundle, or group-buy format",no,40
rcp_4e9314a1c778,D:\Books\Culinary & Hospitality\CULINARY BOOKS\03 World Cuisines\Lets Cook French.PDF,Gougères,French,Sauce / Condiment,chicken; pork; lamb; seafood; egg; vegetarian,bread; potato,garlic; spinach,sauce,chicken; pork; lamb; seafood; egg; vegetarian; bread; potato; garlic; spinach; sauce,roasted; raw/cold,oven; blender,4,3,5,3,5,4,4,2,5,21,5,5,4,3,3,5,5,5,4,5,catering tray / office bundle,Gougères office tray; family allocation tray; weekend preorder bundle with premium add-ons.,"strong commercial deployability; works as tray, bundle, or group-buy format",no,40
rcp_8aa0c517cc2b,D:\Books\Culinary & Hospitality\CULINARY BOOKS\02 Techniques\Ultimate Japanese Noodles Cookbook by Masahiro Kasahara.pdf,Noodles FINAL 24 Sep CSY.indd ii 6/10/21 12:06 PM,Sri Lankan / Curry; Japanese; Chinese / Wok; American BBQ,Starch Main,beef; chicken; pork; seafood; egg; vegetarian,rice; noodle,carrot; cucumber; eggplant; lettuce; mushroom; tomato,curry; dip; sauce,beef; chicken; pork; seafood; egg; vegetarian; rice; noodle; carrot; cucumber; eggplant; lettuce; mushroom; tomato; curry; dip; sauce,fried; boiled; raw/cold,stock pot; fryer; blender,4,3,5,3,5,4,3,2,5,20,5,4,4,4,5,4,5,5,5,5,catering tray / office bundle,Noodles FINAL 24 Sep CSY.indd ii 6/10/21 12:06 PM office tray; family allocation tray; weekend preorder bundle with premium add-ons.,"strong commercial deployability; good scarcity-drop candidate; component/product line candidate; works as tray, bundle, or group-buy format",no,40
rcp_b1ec134b10a8,D:\Books\Culinary & Hospitality\CULINARY BOOKS\02 Techniques\Ultimate Japanese Noodles Cookbook by Masahiro Kasahara.pdf,Noodles FINAL 24 Sep CSY.indd iii 6/10/21 12:06 PM,Sri Lankan / Curry; Japanese; Chinese / Wok; American BBQ,Starch Main,beef; chicken; pork; seafood; egg; vegetarian,rice; noodle,carrot; cucumber; eggplant; lettuce; mushroom; tomato,curry; dip; sauce,beef; chicken; pork; seafood; egg; vegetarian; rice; noodle; carrot; cucumber; eggplant; lettuce; mushroom; tomato; curry; dip; sauce,fried; boiled; raw/cold,stock pot; fryer; blender,4,3,5,3,5,4,3,2,5,20,5,4,4,4,5,4,5,5,5,5,catering tray / office bundle,Noodles FINAL 24 Sep CSY.indd iii 6/10/21 12:06 PM office tray; family allocation tray; weekend preorder bundle with premium add-ons.,"strong commercial deployability; good scarcity-drop candidate; component/product line candidate; works as tray, bundle, or group-buy format",no,40
rcp_47649f2f828d,D:\Books\Culinary & Hospitality\CULINARY BOOKS\02 Techniques\Ultimate Japanese Noodles Cookbook by Masahiro Kasahara.pdf,Noodles FINAL 24 Sep CSY.indd iv 24/9/21 1:39 PM,Sri Lankan / Curry; Japanese; Chinese / Wok; American BBQ,Starch Main,beef; chicken; pork; seafood; egg; vegetarian,rice; noodle,carrot; cucumber; eggplant; lettuce; mushroom; tomato,curry; dip; sauce,beef; chicken; pork; seafood; egg; vegetarian; rice; noodle; carrot; cucumber; eggplant; lettuce; mushroom; tomato; curry; dip; sauce,fried; boiled; raw/cold,stock pot; fryer; blender,4,3,5,3,5,4,3,2,5,20,5,4,4,4,5,4,5,5,5,5,catering tray / office bundle,Noodles FINAL 24 Sep CSY.indd iv 24/9/21 1:39 PM office tray; family allocation tray; weekend preorder bundle with premium add-ons.,"strong commercial deployability; good scarcity-drop candidate; component/product line candidate; works as tray, bundle, or group-buy format",no,40
rcp_40081a01d17b,D:\Books\Culinary & Hospitality\CULINARY BOOKS\02 Techniques\Ultimate Japanese Noodles Cookbook by Masahiro Kasahara.pdf,Cookbook,Sri Lankan / Curry; Japanese; American BBQ,Sauce / Condiment,beef; chicken; pork; seafood; egg; vegetarian,noodle,cucumber; eggplant; lettuce; mushroom; tomato,curry; dip; sauce,beef; chicken; pork; seafood; egg; vegetarian; noodle; cucumber; eggplant; lettuce; mushroom; tomato; curry; dip; sauce,fried; boiled; raw/cold,stock pot; fryer; blender,4,3,5,3,5,4,3,2,5,20,5,4,4,4,5,4,5,5,5,5,bottled sauce / rub / dry mix,Original signature component inspired by the category: Safari Lounge Cookbook sauce flight; dry rub sachet; catering condiment upsell.,"strong commercial deployability; good scarcity-drop candidate; component/product line candidate; works as tray, bundle, or group-buy format",no,40
rcp_f5aeb66222e7,D:\Books\Culinary & Hospitality\CULINARY BOOKS\02 Techniques\Ultimate Japanese Noodles Cookbook by Masahiro Kasahara.pdf,Japanese Noodles,Sri Lankan / Curry; Japanese; American BBQ,Starch Main,beef; chicken; pork; seafood; egg; vegetarian,noodle,cucumber; eggplant; lettuce; mushroom; tomato,curry; dip; sauce,beef; chicken; pork; seafood; egg; vegetarian; noodle; cucumber; eggplant; lettuce; mushroom; tomato; curry; dip; sauce,fried; boiled; raw/cold,stock pot; fryer; blender,4,3,5,3,5,4,3,2,5,20,5,4,4,4,5,4,5,5,5,5,catering tray / office bundle,Japanese Noodles office tray; family allocation tray; weekend preorder bundle with premium add-ons.,"strong commercial deployability; good scarcity-drop candidate; component/product line candidate; works as tray, bundle, or group-buy format",no,40
rcp_237b674bcfe6,D:\Books\Culinary & Hospitality\CULINARY BOOKS\02 Techniques\Ultimate Japanese Noodles Cookbook by Masahiro Kasahara.pdf,and Japanese Pasta Recipes!,Sri Lankan / Curry; Japanese; American BBQ,Starch Main,beef; chicken; pork; seafood; egg; vegetarian,noodle,cucumber; eggplant; lettuce; mushroom; tomato,curry; dip; sauce,beef; chicken; pork; seafood; egg; vegetarian; noodle; cucumber; eggplant; lettuce; mushroom; tomato; curry; dip; sauce,fried; boiled; raw/cold,stock pot; fryer; blender,4,3,5,3,5,4,3,2,5,20,5,4,4,4,5,4,5,5,5,5,catering tray / office bundle,and Japanese Pasta Recipes! office tray; family allocation tray; weekend preorder bundle with premium add-ons.,"strong commercial deployability; good scarcity-drop candidate; component/product line candidate; works as tray, bundle, or group-buy format",no,40
rcp_1941a9a9b520,D:\Books\Culinary & Hospitality\CULINARY BOOKS\02 Techniques\Ultimate Japanese Noodles Cookbook by Masahiro Kasahara.pdf,Noodles FINAL 24 Sep CSY.indd 1 24/9/21 1:39 PM,Sri Lankan / Curry; Japanese; Chinese / Wok; American BBQ,Starch Main,beef; chicken; pork; seafood; egg; vegetarian,rice; noodle,carrot; cucumber; eggplant; lettuce; mushroom; tomato,curry; dip; sauce,beef; chicken; pork; seafood; egg; vegetarian; rice; noodle; carrot; cucumber; eggplant; lettuce; mushroom; tomato; curry; dip; sauce,fried; boiled; raw/cold,stock pot; fryer; blender,4,3,5,3,5,4,3,2,5,20,5,4,4,4,5,4,5,5,5,5,catering tray / office bundle,Noodles FINAL 24 Sep CSY.indd 1 24/9/21 1:39 PM office tray; family allocation tray; weekend preorder bundle with premium add-ons.,"strong commercial deployability; good scarcity-drop candidate; component/product line candidate; works as tray, bundle, or group-buy format",no,40
rcp_337cbfe6547a,D:\Books\Culinary & Hospitality\CULINARY BOOKS\03 World Cuisines\curry.pdf,A book of Roy family curry recipes. Compiled from recipes,Sri Lankan / Curry; American BBQ,Wet Main / Bowl,beef; chicken; lamb; egg; vegetarian,rice; potato,garlic; onion; tomato,chutney; curry,beef; chicken; lamb; egg; vegetarian; rice; potato; garlic; onion; tomato; chutney; curry,fried,standard kitchen,3,2,4,3,5,4,3,1,5,21,5,5,4,4,3,5,5,5,4,5,catering tray / office bundle,A book of Roy family curry recipes. Compiled from recipes office tray; family allocation tray; weekend preorder bundle with premium add-ons.,"strong commercial deployability; good scarcity-drop candidate; works as tray, bundle, or group-buy format",no,39
rcp_da16354b7241,D:\Books\Culinary & Hospitality\CULINARY BOOKS\03 World Cuisines\curry.pdf,"married in 1967, and have been cooking curry together ever since!",Sri Lankan / Curry; American BBQ,Wet Main / Bowl,beef; chicken; lamb; egg; vegetarian,rice; potato,garlic; onion; tomato,chutney; curry,beef; chicken; lamb; egg; vegetarian; rice; potato; garlic; onion; tomato; chutney; curry,fried,standard kitchen,3,2,4,3,5,4,3,1,5,21,5,5,4,4,3,5,5,5,4,5,catering tray / office bundle,"married in 1967, and have been cooking curry together ever since! office tray; family allocation tray; weekend preorder bundle with premium add-ons.","strong commercial deployability; good scarcity-drop candidate; works as tray, bundle, or group-buy format",no,39
rcp_b5a69dd344d4,D:\Books\Culinary & Hospitality\CULINARY BOOKS\02 Techniques\Crock_Pot_1825_Crock_Pot_Recipes_5_years_of_Crock_Pot_Slow_Cooker.pdf,"Remove skin from chicken, if desired. Combine hoisin sauce, plum",General / Fusion,Sauce / Condiment,chicken,,,sauce,chicken; sauce,braised,blender,3,2,5,3,4,4,3,1,4,20,5,5,4,3,3,4,5,5,4,5,catering tray / office bundle,"Remove skin from chicken, if desired. Combine hoisin sauce, plum office tray; family allocation tray; weekend preorder bundle with premium add-ons.","strong commercial deployability; works as tray, bundle, or group-buy format",no,38
rcp_38523b2e610b,D:\Books\Culinary & Hospitality\CULINARY BOOKS\02 Techniques\The Woks of Life by Bill Leung.epub,For the beef,American BBQ,Hot Main,beef; chicken; pork,rice; bread; grain,garlic; pepper,,beef; chicken; pork; rice; bread; grain; garlic; pepper,braised; boiled,oven; stock pot,3,2,3,4,5,4,3,1,5,21,3,4,2,3,2,3,5,4,3,5,catering tray / office bundle,For the beef office tray; family allocation tray; weekend preorder bundle with premium add-ons.,"strong commercial deployability; works as tray, bundle, or group-buy format",no,37
rcp_fc44c4058f47,D:\Books\Culinary & Hospitality\CULINARY BOOKS\02 Techniques\The prepper s cookbo... by Tess Pennington (z-lib.org).pdf,Cookbook,General / Fusion,Sauce / Condiment,,bread,pepper,sauce,bread; pepper; sauce,mixed/unknown,blender,3,2,4,3,5,3,2,1,5,19,4,4,3,2,3,3,5,4,3,5,catering tray / office bundle,Cookbook office tray; family allocation tray; weekend preorder bundle with premium add-ons.,"strong commercial deployability; works as tray, bundle, or group-buy format",no,36
rcp_5f65e570e46e,D:\Books\Culinary & Hospitality\CULINARY BOOKS\03 World Cuisines\Sri Lanka Cooking.pdf,Rice & Breads,Sri Lankan / Curry; Chinese / Wok,Starch Main,chicken; goat; seafood; egg,rice; bread; potato,spinach,curry,chicken; goat; seafood; egg; rice; bread; potato; spinach; curry,fried; roasted,wok; oven; fryer,4,3,3,3,5,4,3,1,5,19,5,4,2,4,3,4,5,3,4,5,ghost kitchen menu item,Rice & Breads bowl/wrap combo; delivery-safe sauce-on-side variant; lunch subscription item.,strong commercial deployability; good scarcity-drop candidate,no,36
rcp_152f42b9852a,D:\Books\Culinary & Hospitality\CULINARY BOOKS\03 World Cuisines\Sri Lanka Cooking.pdf,Kukul-Mas Buriyani (Chicken Briyani) - Malini 9/27/97 10,Sri Lankan / Curry; Chinese / Wok,Hot Main,chicken; seafood,rice; bread,spinach,curry,chicken; seafood; rice; bread; spinach; curry,fried; roasted,wok; oven; fryer,4,3,3,3,5,4,3,1,5,19,5,4,2,4,3,4,5,3,4,5,ghost kitchen menu item,Kukul-Mas Buriyani (Chicken Briyani) - Malini 9/27/97 10 bowl/wrap combo; delivery-safe sauce-on-side variant; lunch subscription item.,strong commercial deployability; good scarcity-drop candidate,no,36
rcp_b544f6549e0d,D:\Books\Culinary & Hospitality\CULINARY BOOKS\03 World Cuisines\Sri Lanka Cooking.pdf,Issan Bath (Shrimp Fried Rice) - Malini 8/11/97 11,Sri Lankan / Curry; Chinese / Wok,Starch Main,chicken; seafood,rice; bread,spinach,curry,chicken; seafood; rice; bread; spinach; curry,fried; roasted,wok; oven; fryer,4,3,3,3,5,4,3,1,5,19,5,4,2,4,3,4,5,3,4,5,ghost kitchen menu item,Issan Bath (Shrimp Fried Rice) - Malini 8/11/97 11 bowl/wrap combo; delivery-safe sauce-on-side variant; lunch subscription item.,strong commercial deployability; good scarcity-drop candidate,no,36
rcp_2d8a1ce378d2,D:\Books\Culinary & Hospitality\CULINARY BOOKS\03 World Cuisines\Sri Lanka Cooking.pdf,Kaha Bath (Yellow Rice) - Felicia 8/06/97 12,Sri Lankan / Curry; Chinese / Wok,Starch Main,chicken; seafood,rice; bread,spinach,curry,chicken; seafood; rice; bread; spinach; curry,fried; roasted,wok; oven; fryer,4,3,3,3,5,4,3,1,5,19,5,4,2,4,3,4,5,3,4,5,ghost kitchen menu item,Kaha Bath (Yellow Rice) - Felicia 8/06/97 12 bowl/wrap combo; delivery-safe sauce-on-side variant; lunch subscription item.,strong commercial deployability; good scarcity-drop candidate,no,36
rcp_2f5c68b2b8de,D:\Books\Culinary & Hospitality\CULINARY BOOKS\03 World Cuisines\Sri Lanka Cooking.pdf,Dun-thel-bath(Ghee Rice with Green Peas) - Malini 7/07/97 13,Sri Lankan / Curry; Chinese / Wok,Starch Main,chicken; seafood,rice; bread,spinach,curry,chicken; seafood; rice; bread; spinach; curry,fried; roasted,wok; oven; fryer,4,3,3,3,5,4,3,1,5,19,5,4,2,4,3,4,5,3,4,5,ghost kitchen menu item,Dun-thel-bath(Ghee Rice with Green Peas) - Malini 7/07/97 13 bowl/wrap combo; delivery-safe sauce-on-side variant; lunch subscription item.,strong commercial deployability; good scarcity-drop candidate,no,36
rcp_65742fdaeb17,D:\Books\Culinary & Hospitality\CULINARY BOOKS\03 World Cuisines\Sri Lanka Cooking.pdf,Kiri Bath (Milk Rice) - Malini 1/03/97 14,Sri Lankan / Curry; Chinese / Wok,Starch Main,chicken; seafood,rice; bread,spinach,curry,chicken; seafood; rice; bread; spinach; curry,fried; roasted,wok; oven; fryer,4,3,3,3,5,4,3,1,5,19,5,4,2,4,3,4,5,3,4,5,ghost kitchen menu item,Kiri Bath (Milk Rice) - Malini 1/03/97 14 bowl/wrap combo; delivery-safe sauce-on-side variant; lunch subscription item.,strong commercial deployability; good scarcity-drop candidate,no,36
rcp_59da6736ff7c,D:\Books\Culinary & Hospitality\CULINARY BOOKS\03 World Cuisines\Sri Lanka Cooking.pdf,Chu Cha Ching Meat Curry - Srimala Pennis 2/25/98 16,Sri Lankan / Curry; Chinese / Wok,Wet Main / Bowl,chicken; seafood,rice; bread,spinach,curry,chicken; seafood; rice; bread; spinach; curry,fried; roasted,wok; oven; fryer,4,3,3,3,5,4,3,1,5,19,5,4,2,4,3,4,5,3,4,5,ghost kitchen menu item,Chu Cha Ching Meat Curry - Srimala Pennis 2/25/98 16 bowl/wrap combo; delivery-safe sauce-on-side variant; lunch subscription item.,strong commercial deployability; good scarcity-drop candidate,no,36
rcp_bef7a61fceb6,"D:\Books\Culinary & Hospitality\CULINARY BOOKS\03 World Cuisines\Milk,_Spice_and_Curry_Leaves_by_Ruwanmali_Samarakoon_Amunugama.pdf",& Curry & Curry,Sri Lankan / Curry,Wet Main / Bowl,pork,,,curry,pork; curry,mixed/unknown,standard kitchen,3,2,4,3,4,4,2,1,4,18,4,3,3,3,3,4,5,3,4,5,ghost kitchen menu item,& Curry & Curry bowl/wrap combo; delivery-safe sauce-on-side variant; lunch subscription item.,strong commercial deployability,no,35
rcp_083d7ca0e019,"D:\Books\Culinary & Hospitality\CULINARY BOOKS\03 World Cuisines\Milk,_Spice_and_Curry_Leaves_by_Ruwanmali_Samarakoon_Amunugama.pdf",Curry Leaves,Sri Lankan / Curry,Wet Main / Bowl,pork,,,curry,pork; curry,mixed/unknown,standard kitchen,3,2,4,3,4,4,2,1,4,18,4,3,3,3,3,4,5,3,4,5,ghost kitchen menu item,Curry Leaves bowl/wrap combo; delivery-safe sauce-on-side variant; lunch subscription item.,strong commercial deployability,no,35
rcp_7fa037a37197,D:\Books\Culinary & Hospitality\CULINARY BOOKS\02 Techniques\The Woks of Life by Bill Leung.epub,Grilled Lamb Skewers,American BBQ,Hot Main,beef; chicken; pork; lamb,grain,,dip,beef; chicken; pork; lamb; grain; dip,grilled; boiled,grill; stock pot; blender,3,3,3,2,4,4,3,1,5,17,5,3,3,3,4,4,5,2,5,5,ghost kitchen menu item,Grilled Lamb Skewers bowl/wrap combo; delivery-safe sauce-on-side variant; lunch subscription item.,strong commercial deployability; component/product line candidate,no,35
rcp_29f8cd10edf0,D:\Books\Culinary & Hospitality\CULINARY BOOKS\02 Techniques\Crock_Pot_1825_Crock_Pot_Recipes_5_years_of_Crock_Pot_Slow_Cooker.pdf,"can cream of celery soup, low fat",General / Fusion,Wet Main / Bowl,chicken,,,,chicken,braised; boiled,stock pot,3,2,5,3,4,4,3,1,3,19,4,5,4,3,3,4,5,5,3,3,catering tray / office bundle,"can cream of celery soup, low fat office tray; family allocation tray; weekend preorder bundle with premium add-ons.","strong commercial deployability; works as tray, bundle, or group-buy format",no,33
rcp_34f0f433c353,D:\Books\Culinary & Hospitality\CULINARY BOOKS\03 World Cuisines\Los_Barrios_Family_C_by_Diana_Barrios_Treviñ_z_lib_or.pdf,Breakfast,Latin / Tex-Mex,Wet Main / Bowl,chicken,,,,chicken,boiled; raw/cold,stock pot,3,2,5,3,4,4,3,2,3,18,4,5,4,3,3,5,5,5,3,3,catering tray / office bundle,Breakfast office tray; family allocation tray; weekend preorder bundle with premium add-ons.,"strong commercial deployability; works as tray, bundle, or group-buy format",no,32
rcp_3032e79ceb77,D:\Books\Culinary & Hospitality\CULINARY BOOKS\03 World Cuisines\Los_Barrios_Family_C_by_Diana_Barrios_Treviñ_z_lib_or.pdf,Appetizers,Latin / Tex-Mex,Wet Main / Bowl,chicken,,,,chicken,boiled; raw/cold,stock pot,3,2,5,3,4,4,3,2,3,18,4,5,4,3,3,5,5,5,3,3,catering tray / office bundle,Appetizers office tray; family allocation tray; weekend preorder bundle with premium add-ons.,"strong commercial deployability; works as tray, bundle, or group-buy format",no,32
rcp_94b875e7f5f5,D:\Books\Culinary & Hospitality\CULINARY BOOKS\03 World Cuisines\Los_Barrios_Family_C_by_Diana_Barrios_Treviñ_z_lib_or.pdf,Salads,Latin / Tex-Mex,Wet Main / Bowl,chicken,,,,chicken,boiled; raw/cold,stock pot,3,2,5,3,4,4,3,2,3,18,4,5,4,3,3,5,5,5,3,3,catering tray / office bundle,Salads office tray; family allocation tray; weekend preorder bundle with premium add-ons.,"strong commercial deployability; works as tray, bundle, or group-buy format",no,32
rcp_f6cc756704e3,"D:\Books\Culinary & Hospitality\CULINARY BOOKS\03 World Cuisines\Milk,_Spice_and_Curry_Leaves_by_Ruwanmali_Samarakoon_Amunugama.pdf",Grains,Sri Lankan / Curry,Cold / Prep Ahead,pork; vegetarian,,,,pork; vegetarian,raw/cold,standard kitchen,2,2,5,3,4,3,4,2,3,18,3,4,4,3,2,5,4,5,3,3,catering tray / office bundle,Grains office tray; family allocation tray; weekend preorder bundle with premium add-ons.,"strong commercial deployability; works as tray, bundle, or group-buy format",no,32
rcp_903ff291e632,D:\Books\Culinary & Hospitality\CULINARY BOOKS\03 World Cuisines\South African Illustrated Cookbook.pdf,Illustrated,South African,Wet Main / Bowl,pork; seafood,,,,pork; seafood,boiled; raw/cold,stock pot,3,2,4,3,4,4,3,2,3,17,3,3,3,2,3,3,5,3,2,3,ghost kitchen menu item,Illustrated bowl/wrap combo; delivery-safe sauce-on-side variant; lunch subscription item.,strong commercial deployability,no,29
rcp_8e47da477f1c,D:\Books\Culinary & Hospitality\CULINARY BOOKS\03 World Cuisines\South African Illustrated Cookbook.pdf,Cookbook,South African,Wet Main / Bowl,pork; seafood,,,,pork; seafood,boiled; raw/cold,stock pot,3,2,4,3,4,4,3,2,3,17,3,3,3,2,3,3,5,3,2,3,ghost kitchen menu item,Cookbook bowl/wrap combo; delivery-safe sauce-on-side variant; lunch subscription item.,strong commercial deployability,no,29
rcp_03b2d927a87b,D:\Books\Culinary & Hospitality\CULINARY BOOKS\03 World Cuisines\South African Illustrated Cookbook.pdf,Lifestyle,South African,Wet Main / Bowl,pork; seafood; egg,,,,pork; seafood; egg,boiled; raw/cold,stock pot,3,2,4,3,4,4,3,2,3,17,3,3,3,2,3,3,5,3,2,3,ghost kitchen menu item,Lifestyle bowl/wrap combo; delivery-safe sauce-on-side variant; lunch subscription item.,strong commercial deployability,no,29
rcp_457e463c8bbf,D:\Books\Culinary & Hospitality\CULINARY BOOKS\02 Techniques\Crock_Pot_1825_Crock_Pot_Recipes_5_years_of_Crock_Pot_Slow_Cooker.pdf,Artichoke Chicken and Rice,General / Fusion,Starch Main,chicken,rice,,,chicken; rice,braised,standard kitchen,2,2,4,2,4,4,3,2,3,16,3,5,4,2,1,3,5,5,2,4,catering tray / office bundle,Artichoke Chicken and Rice office tray; family allocation tray; weekend preorder bundle with premium add-ons.,"strong commercial deployability; works as tray, bundle, or group-buy format",no,29
rcp_78431fd5eef8,D:\Books\Culinary & Hospitality\CULINARY BOOKS\03 World Cuisines\Los_Barrios_Family_C_by_Diana_Barrios_Treviñ_z_lib_or.pdf,home-style chicken dish with tatuma squash and oregano. After only a few,Latin / Tex-Mex,Hot Main,chicken,bread,,,chicken; bread,mixed/unknown,standard kitchen,2,2,3,2,4,4,4,2,3,16,3,5,4,3,1,5,4,4,3,4,catering tray / office bundle,home-style chicken dish with tatuma squash and oregano. After only a few office tray; family allocation tray; weekend preorder bundle with premium add-ons.,"strong commercial deployability; works as tray, bundle, or group-buy format",no,29
rcp_99857e615b3a,D:\Books\Culinary & Hospitality\CULINARY BOOKS\02 Techniques\The_Preppers_Cookbook_Essential_Prepping_Foods_and_Recipes_to_Deliciously.pdf,Classic Dill Pickle Spears,General / Fusion,Cold / Prep Ahead,chicken,,,,chicken,raw/cold,standard kitchen,2,2,4,3,4,3,2,1,3,16,2,2,3,1,2,2,4,3,2,3,ghost kitchen menu item,Classic Dill Pickle Spears bowl/wrap combo; delivery-safe sauce-on-side variant; lunch subscription item.,strong commercial deployability,no,28
rcp_1de9f0214f7c,D:\Books\Culinary & Hospitality\CULINARY BOOKS\02 Techniques\The_Preppers_Cookbook_Essential_Prepping_Foods_and_Recipes_to_Deliciously.pdf,Pickled Beets,General / Fusion,Cold / Prep Ahead,chicken,,,,chicken,raw/cold,standard kitchen,2,2,4,3,4,3,2,1,3,16,2,2,3,1,2,2,4,3,2,3,ghost kitchen menu item,Pickled Beets bowl/wrap combo; delivery-safe sauce-on-side variant; lunch subscription item.,strong commercial deployability,no,28
rcp_aec90ab1bb78,D:\Books\Culinary & Hospitality\CULINARY BOOKS\02 Techniques\Asian Pickles.pdf,Glossary,General / Fusion,Cold / Prep Ahead,,,,,,raw/cold,standard kitchen,2,2,4,3,4,3,2,1,3,16,2,2,3,1,2,2,4,3,2,2,ghost kitchen menu item,Glossary bowl/wrap combo; delivery-safe sauce-on-side variant; lunch subscription item.,strong commercial deployability,no,27
rcp_c009beccce52,D:\Books\Culinary & Hospitality\CULINARY BOOKS\02 Techniques\Asian Pickles.pdf,Resources,General / Fusion,Cold / Prep Ahead,,,,,,raw/cold,standard kitchen,2,2,4,3,4,3,2,1,3,16,2,2,3,1,2,2,4,3,2,2,ghost kitchen menu item,Resources bowl/wrap combo; delivery-safe sauce-on-side variant; lunch subscription item.,strong commercial deployability,no,27
rcp_86eb18b806ec,D:\Books\Culinary & Hospitality\CULINARY BOOKS\02 Techniques\Crock_Pot_1825_Crock_Pot_Recipes_5_years_of_Crock_Pot_Slow_Cooker.pdf,Dredge chicken in the flour mixture then brown in the hot oil.,General / Fusion,Hot Main,chicken,,,,chicken,braised,standard kitchen,2,2,4,2,3,4,3,2,2,14,3,4,4,2,2,3,4,5,2,3,catering tray / office bundle,Dredge chicken in the flour mixture then brown in the hot oil. office tray; family allocation tray; weekend preorder bundle with premium add-ons.,"works as tray, bundle, or group-buy format",no,25
rcp_3dbfb06eaac8,D:\Books\Culinary & Hospitality\CULINARY BOOKS\02 Techniques\Crock_Pot_1825_Crock_Pot_Recipes_5_years_of_Crock_Pot_Slow_Cooker.pdf,Asian Flavors Slow Cooked Chicken,General / Fusion,Hot Main,chicken,,,,chicken,braised,standard kitchen,2,2,4,2,3,4,3,2,2,14,3,4,4,2,1,3,4,5,2,3,catering tray / office bundle,Asian Flavors Slow Cooked Chicken office tray; family allocation tray; weekend preorder bundle with premium add-ons.,"works as tray, bundle, or group-buy format",no,25
rcp_6ab70f0d783d,D:\Books\Culinary & Hospitality\CULINARY BOOKS\02 Techniques\Crock_Pot_1825_Crock_Pot_Recipes_5_years_of_Crock_Pot_Slow_Cooker.pdf,. chicken thighs or leg quarters,General / Fusion,Hot Main,chicken,,,,chicken,braised,standard kitchen,2,2,4,2,3,4,3,2,2,14,3,4,4,2,1,3,4,5,2,3,catering tray / office bundle,. chicken thighs or leg quarters office tray; family allocation tray; weekend preorder bundle with premium add-ons.,"works as tray, bundle, or group-buy format",no,25
rcp_6f70ed0ee7ac,D:\Books\Culinary & Hospitality\CULINARY BOOKS\03 World Cuisines\Los_Barrios_Family_C_by_Diana_Barrios_Treviñ_z_lib_or.pdf,Forword,Latin / Tex-Mex,Share Platter,chicken,,,,chicken,mixed/unknown,standard kitchen,2,2,3,2,3,4,4,2,2,14,3,4,4,3,1,5,3,4,3,3,catering tray / office bundle,Forword office tray; family allocation tray; weekend preorder bundle with premium add-ons.,"works as tray, bundle, or group-buy format",no,25
